pagina_original;url_scroll;decision;pagina_nueva;tipo;responsable;estado
soporte-ibermutua-digital;https://soporte-ibermutua-digital.scroll.site/soporte-ibermutua-digital;Reorganizar (portada de tareas);/personas;Portada;(por asignar);Borrador (paquete 1)
preguntas-sobre-historia-clinica-y-asistencias-medicas;https://soporte-ibermutua-digital.scroll.site/soporte-ibermutua-digital/preguntas-sobre-historia-clinica-y-asistencias-medicas;"Retirar (índice); redirigir a la portada de preguntas frecuentes (decisión 01/10)";/personas/preguntas-frecuentes;Índice (retirado);(por asignar);Retirada
tu-historia-clinica-y-asistencias-medicas;https://soporte-ibermutua-digital.scroll.site/soporte-ibermutua-digital/tu-historia-clinica-y-asistencias-medicas;Fusionar en «Consultar tu historia clínica»;/personas/tu-historia-clinica/consultar-tu-historia-clinica;Portada de grupo (retirada);(por asignar);Fusionada
como-consultar-tu-historia-clinica;https://soporte-ibermutua-digital.scroll.site/soporte-ibermutua-digital/como-consultar-tu-historia-clinica;"Mantener; reescribir en paquete 2";/personas/tu-historia-clinica/consultar-tu-historia-clinica;Tarea;(por asignar);Reubicada
consulta-de-citas-pendientes;https://soporte-ibermutua-digital.scroll.site/soporte-ibermutua-digital/consulta-de-citas-pendientes;Mantener y reescribir;/personas/citas-y-asistencias/consultar-tus-citas;Tarea;(por asignar);Borrador (paquete 1)
consulta-del-historico-de-episodios-medicos;https://soporte-ibermutua-digital.scroll.site/soporte-ibermutua-digital/consulta-del-historico-de-episodios-medicos;"Mantener; reescribir en paquete 3";/personas/tu-historia-clinica/consultar-episodios-anteriores;Tarea;(por asignar);Reubicada
consulta-y-acceso-a-documentacion-administrativa;https://soporte-ibermutua-digital.scroll.site/soporte-ibermutua-digital/consulta-y-acceso-a-documentacion-administrativa;"Mantener; reescribir en paquete 3";/personas/tu-historia-clinica/consultar-documentacion-administrativa;Tarea;(por asignar);Reubicada
generacion-y-descarga-del-informe-de-tu-historia-clinica;https://soporte-ibermutua-digital.scroll.site/soporte-ibermutua-digital/generacion-y-descarga-del-informe-de-tu-historia-clinica;"Mantener; reescribir en paquete 2";/personas/tu-historia-clinica/descargar-un-informe;Tarea;(por asignar);Reubicada
justificantes-de-asistencia;https://soporte-ibermutua-digital.scroll.site/soporte-ibermutua-digital/justificantes-de-asistencia;"Mantener; reescribir en paquete 2";/personas/citas-y-asistencias/descargar-un-justificante;Tarea;(por asignar);Reubicada
solicitud-de-segunda-opinion-medica;https://soporte-ibermutua-digital.scroll.site/soporte-ibermutua-digital/solicitud-de-segunda-opinion-medica;"Mantener; reescribir en paquete 2 (tabla de plazos)";/personas/tu-historia-clinica/solicitar-una-segunda-opinion;Tarea;(por asignar);Reubicada
visualizacion-de-pruebas-diagnosticas;https://soporte-ibermutua-digital.scroll.site/soporte-ibermutua-digital/visualizacion-de-pruebas-diagnosticas;"Mantener; reescribir en paquete 2";/personas/tu-historia-clinica/ver-tus-pruebas-diagnosticas;Tarea;(por asignar);Reubicada
como-descargar-un-justificante-de-asistencia;https://soporte-ibermutua-digital.scroll.site/soporte-ibermutua-digital/como-descargar-un-justificante-de-asistencia;Fusionar en la tarea (duplicada);/personas/citas-y-asistencias/descargar-un-justificante;Pregunta frecuente;(por asignar);Fusionada
cuando-estan-disponibles-en-ibermutua-digital-las-pruebas-diagnosticas;https://soporte-ibermutua-digital.scroll.site/soporte-ibermutua-digital/cuando-estan-disponibles-en-ibermutua-digital-las-pruebas-diagnosticas;Mantener;/personas/preguntas-frecuentes/cuando-estan-disponibles-las-pruebas;Pregunta frecuente;(por asignar);Reubicada
puedo-cambiar-las-citas-desde-ibermutua-digital;https://soporte-ibermutua-digital.scroll.site/soporte-ibermutua-digital/puedo-cambiar-las-citas-desde-ibermutua-digital;"Mantener con URL propia; canal pendiente de validar";/personas/preguntas-frecuentes/cambiar-una-cita;Concepto;(por asignar);Reubicada
que-diferencia-hay-entre-informe-de-historia-clinica-e-informe-de-episodio-medico;https://soporte-ibermutua-digital.scroll.site/soporte-ibermutua-digital/que-diferencia-hay-entre-informe-de-historia-clinica-e-informe-de-episodio-medico;"Mantener; corregir en paquete 3";/personas/preguntas-frecuentes/informe-historia-clinica-o-episodio;Concepto;(por asignar);Reubicada
que-es-la-segunda-opinion-medica;https://soporte-ibermutua-digital.scroll.site/soporte-ibermutua-digital/que-es-la-segunda-opinion-medica;Mantener como concepto;/personas/preguntas-frecuentes/que-es-la-segunda-opinion;Concepto;(por asignar);Reubicada
que-tipo-de-documentacion-se-incluye-en-la-historia-clinica;https://soporte-ibermutua-digital.scroll.site/soporte-ibermutua-digital/que-tipo-de-documentacion-se-incluye-en-la-historia-clinica;Mantener;/personas/preguntas-frecuentes/que-incluye-la-historia-clinica;Pregunta frecuente;(por asignar);Reubicada
que-tipo-de-pruebas-diagnosticas-puedo-visualizar;https://soporte-ibermutua-digital.scroll.site/soporte-ibermutua-digital/que-tipo-de-pruebas-diagnosticas-puedo-visualizar;Mantener;/personas/preguntas-frecuentes/que-pruebas-puedo-ver;Pregunta frecuente;(por asignar);Reubicada
bienvenida-o;https://soporte-ibermutua-digital.scroll.site/soporte-ibermutua-digital/bienvenida-o;Fusionar en «¿En qué podemos ayudarte?»;/personas;Fusionada;(por asignar);Propuesta (sin validar)
tu-alta-y-acceso-a-ibermutua-digital-personas;https://soporte-ibermutua-digital.scroll.site/soporte-ibermutua-digital/tu-alta-y-acceso-a-ibermutua-digital-personas;"Retirar (índice); redirigir a «Darte de alta en Ibermutua Digital Personas»";/personas/alta-y-acceso/darte-de-alta;Índice (retirado);(por asignar);Propuesta (sin validar)
alta-a-traves-de-la-web;https://soporte-ibermutua-digital.scroll.site/soporte-ibermutua-digital/alta-a-traves-de-la-web;Mantener y reescribir;/personas/alta-y-acceso/darte-de-alta;Tarea;(por asignar);Propuesta (sin validar)
alta-a-traves-de-la-app;https://soporte-ibermutua-digital.scroll.site/soporte-ibermutua-digital/alta-a-traves-de-la-app;Fusionar en «Darte de alta en Ibermutua Digital Personas»;/personas/alta-y-acceso/darte-de-alta;Fusionada;(por asignar);Propuesta (sin validar)
acceso-a-traves-de-biometria;https://soporte-ibermutua-digital.scroll.site/soporte-ibermutua-digital/acceso-a-traves-de-biometria;Mantener y reescribir;/personas/alta-y-acceso/acceder-con-biometria;Tarea;(por asignar);Propuesta (sin validar)
doble-factor-de-seguridad;https://soporte-ibermutua-digital.scroll.site/soporte-ibermutua-digital/doble-factor-de-seguridad;Mantener y reescribir;/personas/alta-y-acceso/doble-factor-de-seguridad;Tarea;(por asignar);Propuesta (sin validar)
tus-prestaciones-y-gestiones-relacionadas;https://soporte-ibermutua-digital.scroll.site/soporte-ibermutua-digital/tus-prestaciones-y-gestiones-relacionadas;"Retirar (índice); redirigir a «¿Qué prestaciones puedo pedir desde Ibermutua Digital Personas?»";/personas/preguntas-frecuentes/que-prestaciones-puedo-pedir;Índice (retirado);(por asignar);Propuesta (sin validar)
solicitud-de-la-prestacion-de-pago-directo-por-incapacidad-temporal;https://soporte-ibermutua-digital.scroll.site/soporte-ibermutua-digital/solicitud-de-la-prestacion-de-pago-directo-por-incapacidad-temporal;"Retirar (índice); redirigir a «Solicitar el pago directo por incapacidad temporal»";/personas/prestaciones-economicas/pago-directo/solicitar-el-pago-directo;Índice (retirado);(por asignar);Propuesta (sin validar)
solicitud-de-pago-directo-de-la-prestacion-economica-por-incapacidad-temporal;https://soporte-ibermutua-digital.scroll.site/soporte-ibermutua-digital/solicitud-de-pago-directo-de-la-prestacion-economica-por-incapacidad-temporal;Mantener y reescribir;/personas/prestaciones-economicas/pago-directo/solicitar-el-pago-directo;Tarea;(por asignar);Propuesta (sin validar)
formulario-guiado-para-tramitar-la-prestacion-economica;https://soporte-ibermutua-digital.scroll.site/soporte-ibermutua-digital/formulario-guiado-para-tramitar-la-prestacion-economica;Mantener y reescribir;/personas/prestaciones-economicas/pago-directo/rellenar-la-solicitud;Tarea;(por asignar);Propuesta (sin validar)
seguimiento-y-consulta-del-estado-de-la-solicitud-de-prestacion-economica;https://soporte-ibermutua-digital.scroll.site/soporte-ibermutua-digital/seguimiento-y-consulta-del-estado-de-la-solicitud-de-prestacion-economica;Mantener y reescribir;/personas/prestaciones-economicas/pago-directo/consultar-el-estado;Tarea;(por asignar);Propuesta (sin validar)
solicitud-de-pago-directo-como-representante;https://soporte-ibermutua-digital.scroll.site/soporte-ibermutua-digital/solicitud-de-pago-directo-como-representante;Mantener y reescribir;/personas/prestaciones-economicas/pago-directo/solicitar-como-representante;Tarea;(por asignar);Propuesta (sin validar)
consulta-de-informacion-economica-por-pago-directo;https://soporte-ibermutua-digital.scroll.site/soporte-ibermutua-digital/consulta-de-informacion-economica-por-pago-directo;Fusionar en «Consultar tus pagos»;/personas/prestaciones-economicas/consultar-tus-pagos;Fusionada;(por asignar);Propuesta (sin validar)
subsanacion-de-documentacion-de-pago-directo;https://soporte-ibermutua-digital.scroll.site/soporte-ibermutua-digital/subsanacion-de-documentacion-de-pago-directo;Mantener y reescribir;/personas/prestaciones-economicas/pago-directo/subsanar-documentacion;Tarea;(por asignar);Propuesta (sin validar)
solicitud-de-la-prestacion-de-riesgo-de-embarazo-y-lactancia-rel;https://soporte-ibermutua-digital.scroll.site/soporte-ibermutua-digital/solicitud-de-la-prestacion-de-riesgo-de-embarazo-y-lactancia-rel;"Retirar (índice); redirigir a «Solicitar la prestación por riesgo durante el embarazo o la lactancia»";/personas/prestaciones-economicas/riesgo-embarazo-lactancia/solicitar-la-prestacion;Índice (retirado);(por asignar);Propuesta (sin validar)
solicitud-de-la-prestacion-por-riesgo-durante-el-embarazo;https://soporte-ibermutua-digital.scroll.site/soporte-ibermutua-digital/solicitud-de-la-prestacion-por-riesgo-durante-el-embarazo;Mantener y reescribir;/personas/prestaciones-economicas/riesgo-embarazo-lactancia/solicitar-la-prestacion;Tarea;(por asignar);Propuesta (sin validar)
acceso-para-el-tramite-de-la-prestacion;https://soporte-ibermutua-digital.scroll.site/soporte-ibermutua-digital/acceso-para-el-tramite-de-la-prestacion;Fusionar en «Iniciar la solicitud»;/personas/prestaciones-economicas/riesgo-embarazo-lactancia/iniciar-la-solicitud;Fusionada;(por asignar);Propuesta (sin validar)
iniciar-solicitud;https://soporte-ibermutua-digital.scroll.site/soporte-ibermutua-digital/iniciar-solicitud;Mantener y reescribir;/personas/prestaciones-economicas/riesgo-embarazo-lactancia/iniciar-la-solicitud;Tarea;(por asignar);Propuesta (sin validar)
certificacion-de-riesgo;https://soporte-ibermutua-digital.scroll.site/soporte-ibermutua-digital/certificacion-de-riesgo;Mantener y reescribir;/personas/prestaciones-economicas/riesgo-embarazo-lactancia/certificacion-de-riesgo;Tarea;(por asignar);Propuesta (sin validar)
finalizar-la-solicitud;https://soporte-ibermutua-digital.scroll.site/soporte-ibermutua-digital/finalizar-la-solicitud;Mantener y reescribir;/personas/prestaciones-economicas/riesgo-embarazo-lactancia/finalizar-la-solicitud;Tarea;(por asignar);Propuesta (sin validar)
resolucion-de-la-prestacion;https://soporte-ibermutua-digital.scroll.site/soporte-ibermutua-digital/resolucion-de-la-prestacion;Mantener y reescribir;/personas/prestaciones-economicas/riesgo-embarazo-lactancia/resolucion;Tarea;(por asignar);Propuesta (sin validar)
solicitud-de-la-prestacion-por-riesgo-durante-la-lactancia;https://soporte-ibermutua-digital.scroll.site/soporte-ibermutua-digital/solicitud-de-la-prestacion-por-riesgo-durante-la-lactancia;Fusionar en «Solicitar la prestación por riesgo durante el embarazo o la lactancia»;/personas/prestaciones-economicas/riesgo-embarazo-lactancia/solicitar-la-prestacion;Fusionada;(por asignar);Propuesta (sin validar)
pagos;https://soporte-ibermutua-digital.scroll.site/soporte-ibermutua-digital/pagos;Mantener y reescribir;/personas/prestaciones-economicas/consultar-tus-pagos;Tarea;(por asignar);Propuesta (sin validar)
autoliquidacion;https://soporte-ibermutua-digital.scroll.site/soporte-ibermutua-digital/autoliquidacion;Mantener y reescribir;/personas/prestaciones-economicas/solicitar-la-autoliquidacion;Tarea;(por asignar);Propuesta (sin validar)
certificado-de-retenciones-economicas-irpf;https://soporte-ibermutua-digital.scroll.site/soporte-ibermutua-digital/certificado-de-retenciones-economicas-irpf;Mantener y reescribir;/personas/prestaciones-economicas/descargar-el-certificado-de-retenciones;Tarea;(por asignar);Propuesta (sin validar)
tus-servicios-medicos-digitales;https://soporte-ibermutua-digital.scroll.site/soporte-ibermutua-digital/tus-servicios-medicos-digitales;"Retirar (índice); redirigir a «Hablar con el servicio médico por chat»";/personas/servicios-medicos-digitales/chat-con-el-servicio-medico;Índice (retirado);(por asignar);Propuesta (sin validar)
intercambio-online-de-documentacion-con-la-mutua;https://soporte-ibermutua-digital.scroll.site/soporte-ibermutua-digital/intercambio-online-de-documentacion-con-la-mutua;Mantener y reescribir;/personas/servicios-medicos-digitales/enviar-documentacion;Tarea;(por asignar);Propuesta (sin validar)
chat-con-el-servicio-medico-de-ibermutua;https://soporte-ibermutua-digital.scroll.site/soporte-ibermutua-digital/chat-con-el-servicio-medico-de-ibermutua;Mantener y reescribir;/personas/servicios-medicos-digitales/chat-con-el-servicio-medico;Tarea;(por asignar);Propuesta (sin validar)
videoconsulta-medica;https://soporte-ibermutua-digital.scroll.site/soporte-ibermutua-digital/videoconsulta-medica;Mantener y reescribir;/personas/servicios-medicos-digitales/videoconsulta;Tarea;(por asignar);Propuesta (sin validar)
rehabilitacion-online-fisio-digital;https://soporte-ibermutua-digital.scroll.site/soporte-ibermutua-digital/rehabilitacion-online-fisio-digital;Mantener y reescribir;/personas/servicios-medicos-digitales/rehabilitacion-online;Tarea;(por asignar);Propuesta (sin validar)
preguntas-frecuentes;https://soporte-ibermutua-digital.scroll.site/soporte-ibermutua-digital/preguntas-frecuentes;Sustituir por la portada de preguntas frecuentes (bloques por tema);/personas/preguntas-frecuentes;Referencia;(por asignar);Propuesta (sin validar)
preguntas-sobre-el-alta-y-acceso;https://soporte-ibermutua-digital.scroll.site/soporte-ibermutua-digital/preguntas-sobre-el-alta-y-acceso;"Retirar (índice); redirigir a «Preguntas frecuentes»";/personas/preguntas-frecuentes;Índice (retirado);(por asignar);Propuesta (sin validar)
como-modificar-la-contrasena;https://soporte-ibermutua-digital.scroll.site/soporte-ibermutua-digital/como-modificar-la-contrasena;"Mantener; pasa de pregunta a tarea";/personas/alta-y-acceso/cambiar-tu-contrasena;Tarea;(por asignar);Propuesta (sin validar)
como-recuperar-la-contrasena-olvidada;https://soporte-ibermutua-digital.scroll.site/soporte-ibermutua-digital/como-recuperar-la-contrasena-olvidada;"Mantener; pasa de pregunta a tarea";/personas/alta-y-acceso/recuperar-tu-contrasena;Tarea;(por asignar);Propuesta (sin validar)
que-ocurre-si-no-puedo-darme-de-alta-con-el-dni-o-no-tengo-certificado-digital;https://soporte-ibermutua-digital.scroll.site/soporte-ibermutua-digital/que-ocurre-si-no-puedo-darme-de-alta-con-el-dni-o-no-tengo-certificado-digital;Mantener y reescribir;/personas/preguntas-frecuentes/no-puedo-darme-de-alta;Pregunta frecuente;(por asignar);Propuesta (sin validar)
como-modificar-mis-datos-personales-o-de-contacto;https://soporte-ibermutua-digital.scroll.site/soporte-ibermutua-digital/como-modificar-mis-datos-personales-o-de-contacto;"Mantener; pasa de pregunta a tarea";/personas/alta-y-acceso/cambiar-tus-datos-de-contacto;Tarea;(por asignar);Propuesta (sin validar)
que-certificados-digitales-son-validos-para-el-alta-en-ibermutua-digital-personas;https://soporte-ibermutua-digital.scroll.site/soporte-ibermutua-digital/que-certificados-digitales-son-validos-para-el-alta-en-ibermutua-digital-personas;Mantener y reescribir;/personas/preguntas-frecuentes/certificados-validos;Pregunta frecuente;(por asignar);Propuesta (sin validar)
preguntas-sobre-prestaciones-y-gestiones;https://soporte-ibermutua-digital.scroll.site/soporte-ibermutua-digital/preguntas-sobre-prestaciones-y-gestiones;"Retirar (índice); redirigir a «Preguntas frecuentes»";/personas/preguntas-frecuentes;Índice (retirado);(por asignar);Propuesta (sin validar)
que-prestaciones-se-pueden-pedir-desde-ibermutua-digital-personas;https://soporte-ibermutua-digital.scroll.site/soporte-ibermutua-digital/que-prestaciones-se-pueden-pedir-desde-ibermutua-digital-personas;Mantener y reescribir;/personas/preguntas-frecuentes/que-prestaciones-puedo-pedir;Concepto;(por asignar);Propuesta (sin validar)
que-es-pago-directo;https://soporte-ibermutua-digital.scroll.site/soporte-ibermutua-digital/que-es-pago-directo;Mantener y reescribir;/personas/preguntas-frecuentes/que-es-el-pago-directo;Concepto;(por asignar);Propuesta (sin validar)
como-descargar-tu-certificado-de-retenciones-economicas-irpf;https://soporte-ibermutua-digital.scroll.site/soporte-ibermutua-digital/como-descargar-tu-certificado-de-retenciones-economicas-irpf;Fusionar en «Descargar el certificado de retenciones (IRPF)»;/personas/prestaciones-economicas/descargar-el-certificado-de-retenciones;Fusionada;(por asignar);Propuesta (sin validar)
que-es-la-certificacion-de-riesgo-en-embarazo-o-lactancia;https://soporte-ibermutua-digital.scroll.site/soporte-ibermutua-digital/que-es-la-certificacion-de-riesgo-en-embarazo-o-lactancia;Mantener y reescribir;/personas/preguntas-frecuentes/que-es-la-certificacion-de-riesgo;Concepto;(por asignar);Propuesta (sin validar)
que-implica-la-fecha-de-riesgo-certificada-en-embarazo-o-lactancia;https://soporte-ibermutua-digital.scroll.site/soporte-ibermutua-digital/que-implica-la-fecha-de-riesgo-certificada-en-embarazo-o-lactancia;Mantener y reescribir;/personas/preguntas-frecuentes/fecha-de-riesgo-certificada;Pregunta frecuente;(por asignar);Propuesta (sin validar)
cual-es-el-tiempo-estimado-en-el-que-sera-emitida-la-certificacion-de-riesgo-en-embarazo-o-lactancia-por-la-mutua;https://soporte-ibermutua-digital.scroll.site/soporte-ibermutua-digital/cual-es-el-tiempo-estimado-en-el-que-sera-emitida-la-certificacion-de-riesgo-en-embarazo-o-lactancia-por-la-mutua;Mantener y reescribir;/personas/preguntas-frecuentes/cuanto-tarda-la-certificacion;Pregunta frecuente;(por asignar);Propuesta (sin validar)
como-reclamar-si-no-estas-conforme-con-una-resolucion-de-la-mutua;https://soporte-ibermutua-digital.scroll.site/soporte-ibermutua-digital/como-reclamar-si-no-estas-conforme-con-una-resolucion-de-la-mutua;"Mantener; pasa de pregunta a tarea";/personas/prestaciones-economicas/reclamar-una-resolucion;Tarea;(por asignar);Propuesta (sin validar)
cuando-puedo-realizar-el-tramite-para-finalizar-la-solicitud-de-riesgo-durante-el-embarazo-o-la-lactancia;https://soporte-ibermutua-digital.scroll.site/soporte-ibermutua-digital/cuando-puedo-realizar-el-tramite-para-finalizar-la-solicitud-de-riesgo-durante-el-embarazo-o-la-lactancia;Mantener y reescribir;/personas/preguntas-frecuentes/cuando-puedo-finalizar-la-solicitud;Pregunta frecuente;(por asignar);Propuesta (sin validar)
como-es-el-calculo-y-abono-de-la-prestacion-economica-por-riesgo-durante-el-embarazo-o-la-lactancia;https://soporte-ibermutua-digital.scroll.site/soporte-ibermutua-digital/como-es-el-calculo-y-abono-de-la-prestacion-economica-por-riesgo-durante-el-embarazo-o-la-lactancia;Mantener y reescribir;/personas/preguntas-frecuentes/calculo-y-abono-rel;Pregunta frecuente;(por asignar);Propuesta (sin validar)
hasta-cuando-se-extiende-la-prestacion-economica-rel;https://soporte-ibermutua-digital.scroll.site/soporte-ibermutua-digital/hasta-cuando-se-extiende-la-prestacion-economica-rel;Mantener y reescribir;/personas/preguntas-frecuentes/hasta-cuando-dura-la-prestacion-rel;Pregunta frecuente;(por asignar);Propuesta (sin validar)
que-es-la-autoliquidacion-y-cuales-son-las-condiciones-para-solicitarla;https://soporte-ibermutua-digital.scroll.site/soporte-ibermutua-digital/que-es-la-autoliquidacion-y-cuales-son-las-condiciones-para-solicitarla;Mantener y reescribir;/personas/preguntas-frecuentes/que-es-la-autoliquidacion;Concepto;(por asignar);Propuesta (sin validar)
que-importe-recibire-cuando-solicite-la-autoliquidacion;https://soporte-ibermutua-digital.scroll.site/soporte-ibermutua-digital/que-importe-recibire-cuando-solicite-la-autoliquidacion;Mantener y reescribir;/personas/preguntas-frecuentes/importe-de-la-autoliquidacion;Pregunta frecuente;(por asignar);Propuesta (sin validar)
como-se-calculan-los-dias-por-los-que-tengo-derecho-a-recibir-la-autoliquidacion;https://soporte-ibermutua-digital.scroll.site/soporte-ibermutua-digital/como-se-calculan-los-dias-por-los-que-tengo-derecho-a-recibir-la-autoliquidacion;Fusionar en «¿Qué importe recibiré con la autoliquidación?»;/personas/preguntas-frecuentes/importe-de-la-autoliquidacion;Fusionada;(por asignar);Propuesta (sin validar)
se-requiere-aprobacion-de-la-solicitud-de-autoliquidacion;https://soporte-ibermutua-digital.scroll.site/soporte-ibermutua-digital/se-requiere-aprobacion-de-la-solicitud-de-autoliquidacion;Mantener y reescribir;/personas/preguntas-frecuentes/aprobacion-de-la-autoliquidacion;Pregunta frecuente;(por asignar);Propuesta (sin validar)
cuando-recibo-la-autoliquidacion;https://soporte-ibermutua-digital.scroll.site/soporte-ibermutua-digital/cuando-recibo-la-autoliquidacion;Mantener y reescribir;/personas/preguntas-frecuentes/cuando-recibo-la-autoliquidacion;Pregunta frecuente;(por asignar);Propuesta (sin validar)
por-que-no-puedo-solicitar-una-autoliquidacion;https://soporte-ibermutua-digital.scroll.site/soporte-ibermutua-digital/por-que-no-puedo-solicitar-una-autoliquidacion;Mantener y reescribir;/personas/preguntas-frecuentes/no-puedo-solicitar-la-autoliquidacion;Pregunta frecuente;(por asignar);Propuesta (sin validar)
cuales-pueden-ser-los-casos-de-finalizacion-de-la-autoliquidacion;https://soporte-ibermutua-digital.scroll.site/soporte-ibermutua-digital/cuales-pueden-ser-los-casos-de-finalizacion-de-la-autoliquidacion;Mantener y reescribir;/personas/preguntas-frecuentes/hasta-que-fecha-paga-la-autoliquidacion;Pregunta frecuente;(por asignar);Propuesta (sin validar)
preguntas-sobre-servicios-medicos-digitales;https://soporte-ibermutua-digital.scroll.site/soporte-ibermutua-digital/preguntas-sobre-servicios-medicos-digitales;"Retirar (índice); redirigir a «Preguntas frecuentes»";/personas/preguntas-frecuentes;Índice (retirado);(por asignar);Propuesta (sin validar)
como-acceder-a-los-ejercicios-de-fisio-digital-tu-rehabilitacion-online;https://soporte-ibermutua-digital.scroll.site/soporte-ibermutua-digital/como-acceder-a-los-ejercicios-de-fisio-digital-tu-rehabilitacion-online;Fusionar en «Hacer tu rehabilitación online»;/personas/servicios-medicos-digitales/rehabilitacion-online;Fusionada;(por asignar);Propuesta (sin validar)
cuales-son-las-principales-ventajas-de-la-rehabilitacion-online;https://soporte-ibermutua-digital.scroll.site/soporte-ibermutua-digital/cuales-son-las-principales-ventajas-de-la-rehabilitacion-online;Mantener y reescribir;/personas/preguntas-frecuentes/ventajas-de-la-rehabilitacion-online;Concepto;(por asignar);Propuesta (sin validar)
las-conversaciones-en-el-chat-se-responden-al-momento;https://soporte-ibermutua-digital.scroll.site/soporte-ibermutua-digital/las-conversaciones-en-el-chat-se-responden-al-momento;Mantener y reescribir;/personas/preguntas-frecuentes/cuando-responden-el-chat;Pregunta frecuente;(por asignar);Propuesta (sin validar)
cuando-se-cierran-los-chats;https://soporte-ibermutua-digital.scroll.site/soporte-ibermutua-digital/cuando-se-cierran-los-chats;Mantener y reescribir;/personas/preguntas-frecuentes/cuando-se-cierra-un-chat;Pregunta frecuente;(por asignar);Propuesta (sin validar)
necesito-algun-programa-o-equipamiento-especial-para-acceder-a-las-videoconsultas;https://soporte-ibermutua-digital.scroll.site/soporte-ibermutua-digital/necesito-algun-programa-o-equipamiento-especial-para-acceder-a-las-videoconsultas;Mantener y reescribir;/personas/preguntas-frecuentes/que-necesito-para-una-videoconsulta;Pregunta frecuente;(por asignar);Propuesta (sin validar)
canales-para-resolver-dudas-segun-el-tipo-de-consulta;https://soporte-ibermutua-digital.scroll.site/soporte-ibermutua-digital/canales-para-resolver-dudas-segun-el-tipo-de-consulta;Mantener y reescribir;/personas/canales-de-atencion;Referencia;(por asignar);Propuesta (sin validar)
glosario;https://soporte-ibermutua-digital.scroll.site/soporte-ibermutua-digital/glosario;Mantener y reescribir;/personas/glosario;Referencia;(por asignar);Propuesta (sin validar)
politica-de-cookies;https://soporte-ibermutua-digital.scroll.site/soporte-ibermutua-digital/politica-de-cookies;Reescribir (habla de Confluence);/personas/politica-de-cookies;Referencia;(por asignar);Propuesta (sin validar)
